,0
0,AS3442
1,AS3449
2,AU9162
3,AZ3768
4,BF4133
5,BG1626
6,BG1627
7,CF1468
8,CF1720
9,CX3634
10,DA3253
11,DU4697
12,DU4699
13,DU4710
14,DX2338
15,DX2339
16,DZ2186
17,ER4415
18,EU3188
19,FB4858
20,FG9055
21,FK0029
22,FS1382
23,FS4034
24,FS4035
25,FU1391
26,FU2057
27,FU3589
28,FU3590
29,FZ4907
30,GB1819
31,GB1818
32,GB1820
33,GB3879
34,GG1804
35,GG4259
36,GG4260
37,GH1817
38,GH2909
39,GK1814
40,GK1816
41,GK1988
42,GN1808
43,GN1807
44,GN1809
45,GN1811
46,GN1812
47,GN1813
48,GR1805
49,GR3935
50,GS3501
51,GS3502
52,GS3504
53,GS3875
54,GS3876
55,GS3878
56,GS3881
57,GS3886
58,GS3887
59,GU3883
60,GX4262
61,HF3337
62,HF3343
63,HN3798
64,HS0972
65,HU0545
66,IF4593
67,IH1010
68,IS1039
69,IU3118
70,IU3545
71,JB0490
72,JH1263
73,JK4962
74,JK8179
75,JR4346
76,JR4347
77,JZ2930
78,KF3788
79,KH4426
80,KH4429
81,LX3054
82,LX3055
83,MB1881
84,MG1931
85,MS2601
86,MS8506
87,MT1315
88,MU0559
89,NB4912
90,NF4124
91,NS0584
92,NU1021
93,NX2296
94,OS2579
95,OS3982
96,OZ3517
97,PB2453
98,PB2473
99,PB2471
100,PF0093
101,PG2400
102,PH0371
103,PH0470
104,PH2478
105,PK0370
106,PK2687
107,PM2441
108,PN2472
109,PS2477
110,PS4749
111,PU0274
112,PU0275
113,PU0276
114,PU0277
115,PU0278
116,PU0280
117,PU0281
118,PU0282
119,PU0283
120,PU0284
121,PU1176
122,PU2126
123,PU2712
124,QH4399
125,QK4446
126,QN2773
127,QS0173
128,QS2170
129,QS9286
130,QS9298
131,QU2772
132,SH3393
133,SU1610
134,SV9582
135,UF1195
136,UH1080
137,US8126
138,VF1499
139,VF1500
140,VF9696
141,VG8535
142,VK8680
143,VS1496
144,VU1682
145,WA0949
146,WA0950
147,WF0223
148,WF0491
149,WF1268
150,WG1286
151,WR0955
152,WS0493
153,WU0261
154,WU0265
155,WU0264
156,XB1390
157,XF8443
158,XF9802
159,XK0801
160,XK3455
161,XU8538
162,YF0117
163,YG0545
164,YK0248
165,YK0361
166,YN0298
167,YS0118
168,YS0252
169,YS0254
170,YS1062
171,YZ0295
172,ZU1002
173,4NU200
174,4QF021
175,4VN262
176,4VS131
177,4VU390
178,4WS208
179,4WS577
180,4XF946
181,4XG893
182,1FA242
183,2FE414
